ticker,company_name,date,year,quarter,industry,management_prepared_remarks_sentiment,management_responses_sentiment,management_overall_confidence,analyst_pushback_level,forward_guidance_sentiment,key_themes,notable_phrases,summary,delta_management_prepared_remarks_sentiment,delta_management_responses_sentiment,delta_management_overall_confidence,delta_forward_guidance,delta_analyst_pushback,change_flags,change_summary,analyzed_at
MSFT,Microsoft Corporation,2020-10-27,2021,1,Technology,78,72,75,35,68,cloud growth; digital transformation; developer platform; security; margins / efficiency,"strong start in fiscal 2021, driven by the continued strength of our commercial cloud; the next decade of economic performance for every business will be defined by the speed of their digital transformation; we intend to continue to go after the opportunity we see","Microsoft reported strong Q1 FY2021 results with commercial cloud surpassing $15B revenue and 31% growth, emphasizing Azure expansion, digital transformation acceleration, and continued investment in growth opportunities despite some margin pressure and bookings volatility.",,,,,,first quarter — no prior period,No prior quarter available for comparison.,2026-04-14T01:06:03Z
MSFT,Microsoft Corporation,2021-01-26,2021,2,Technology,82,78,85,35,75,cloud growth; digital transformation; developer platform; consumption model; revenue growth,"the dawn of a second wave of digital transformation sweeping every company and every industry; record quarter driven by our commercial cloud, which surpassed 16 billion in revenue, up 34% year over year; we saw is really fundamental consumption growth and some re-acceleration of growth curves","Microsoft reported a record quarter with strong cloud growth and positioned itself as powering a second wave of digital transformation across all industries, with management expressing high confidence in sustained momentum despite tougher comparables ahead.",4.0,6.0,10.0,7.0,0.0,Management overall confidence increased by 10.00,vs 2021 Q1: Management overall confidence increased by 10.00.,2026-04-14T01:06:09Z
MSFT,Microsoft Corporation,2021-04-29,2021,3,Technology,82,78,85,25,75,cloud growth; digital transformation; AI / copilot; developer platform; revenue growth,"digital adoption curves aren't slowing down. In fact, they're accelerating; Dynamics 365 had a breakthrough quarter; we feel very good both, I would say, of consumption and usage today, as well as, as you mentioned, the bookings","Microsoft reported strong cloud momentum with accelerating digital transformation across Azure, Dynamics 365, and Power Platform, demonstrating confidence in expanding TAMs and strategic customer engagements despite modest analyst questioning.",0.0,0.0,0.0,0.0,-10.0,Analyst pushback level decreased by 10.00,vs 2021 Q2: Analyst pushback level decreased by 10.00.,2026-04-14T01:06:15Z
MSFT,Microsoft Corporation,2021-07-27,2021,4,Technology,82,75,78,45,72,cloud growth; digital transformation; margins / efficiency; developer platform; consumption model,very strong close to our fiscal year; durable long term growth prospect; feel very good about margin improvement at FY22,"Microsoft reported strong fiscal year-end results with 34% commercial cloud growth, emphasizing durable digital transformation trends, expanding Azure commitments, and confident margin improvement outlook despite analyst questions on sustainability.",0.0,-3.0,-7.0,-3.0,20.0,Analyst pushback level increased by 20.00,vs 2021 Q3: Analyst pushback level increased by 20.00.,2026-04-14T01:06:20Z
MSFT,Microsoft Corporation,2021-10-26,2022,1,Technology,82,78,85,35,75,cloud growth; digital transformation; supply chain; margins / efficiency; developer platform,Microsoft Cloud quarterly revenue surpassing $20 billion for the first time; Digital technology is a deflationary force in an inflationary economy; strong demand quarter that is constrained by supply,Microsoft reported strong cloud growth exceeding $20 billion quarterly revenue with confident management positioning digital transformation as deflationary amid supply constraints and inflationary pressures.,0.0,3.0,7.0,3.0,-10.0,Analyst pushback level decreased by 10.00,vs 2021 Q4: Analyst pushback level decreased by 10.00.,2026-04-14T01:06:25Z
MSFT,Microsoft Corporation,2022-01-25,2022,2,Technology,82,78,85,25,75,cloud growth; digital transformation; metaverse; developer platform; margins / efficiency,record quarter driven by continued strength of the Microsoft Cloud; pretty strong demand signal; execution in a very good demand environment has given confidence,"Microsoft reported a record quarter with strong cloud growth and broad-based demand across all segments, expressing high confidence in digital transformation trends and metaverse opportunities despite labor market constraints.",0.0,0.0,0.0,0.0,-10.0,Analyst pushback level decreased by 10.00,vs 2022 Q1: Analyst pushback level decreased by 10.00.,2026-04-14T01:06:29Z
MSFT,Microsoft Corporation,2022-04-26,2022,3,Technology,82,75,78,42,72,cloud growth; digital transformation; macro / headwinds; consumption model; partner ecosystem,"digital technology will be the key input that powers the world's economic output; tech as a percentage of GDP on a secular basis by the end of the decade going to double; in an inflationary environment, the only deflationary force is software","Microsoft delivered record cloud results with Azure acceleration and strong Office growth, expressing confidence in long-term secular trends despite macro uncertainty and near-term partner transition headwinds.",0.0,-3.0,-7.0,-3.0,17.0,Analyst pushback level increased by 17.00,vs 2022 Q2: Analyst pushback level increased by 17.00.,2026-04-14T01:06:35Z
MSFT,Microsoft Corporation,2022-07-26,2022,4,Technology,72,68,75,62,58,cloud growth; macro / headwinds; consumption model; digital transformation; capex / investment,do more with less; consumption deceleration of three points quarter to quarter; record number of $100 million plus and $1 billion plus deals,"Microsoft reported strong cloud bookings and record large deals despite acknowledging consumption softness and macro headwinds, with management expressing confidence in Azure's resilience while guiding for continued deceleration.",-10.0,-7.0,-3.0,-14.0,20.0,Prepared remarks sentiment decreased by 10.00; Forward guidance sentiment decreased by 14.00; Analyst pushback level increased by 20.00,vs 2022 Q3: Prepared remarks sentiment decreased by 10.00; Forward guidance sentiment decreased by 14.00; Analyst pushback level increased by 20.00.,2026-04-14T01:06:40Z
MSFT,Microsoft Corporation,2022-10-25,2023,1,Technology,72,58,65,72,45,cloud growth; AI / copilot; macro / headwinds; consumption model; margins / efficiency,do more with less; inherent volatility to that number; optimize for long-term customer loyalty by proactively helping them optimize their spend,"Microsoft delivered strong cloud results amid economic headwinds but faced pointed analyst questions about Azure growth missing guidance two quarters in a row, with management attributing the variance to customer optimization efforts and inherent volatility rather than fundamental demand weakness.",0.0,-10.0,-10.0,-13.0,10.0,Management responses sentiment decreased by 10.00; Management overall confidence decreased by 10.00; Forward guidance sentiment decreased by 13.00; Analyst pushback level increased by 10.00,vs 2022 Q4: Management responses sentiment decreased by 10.00; Management overall confidence decreased by 10.00; Forward guidance sentiment decreased by 13.00.,2026-04-14T01:06:46Z
MSFT,Microsoft Corporation,2023-01-24,2023,2,Technology,62,58,72,68,42,AI / copilot; cloud growth; macro / headwinds; margins / efficiency,we are now seeing them optimize that spend; we're going to lead in the AI era; optimization cycle finishes the projects start,Microsoft emphasizes AI leadership and long-term cloud opportunity while acknowledging near-term customer optimization and macro caution impacting growth rates.,-10.0,0.0,7.0,-3.0,-4.0,Prepared remarks sentiment decreased by 10.00,vs 2023 Q1: Prepared remarks sentiment decreased by 10.00.,2026-04-14T01:06:51Z
MSFT,Microsoft Corporation,2023-04-25,2023,3,Technology,78,72,76,42,68,AI / copilot; cloud growth; margins / efficiency; consumption model; developer platform,"Microsoft Cloud delivered over $28 billion in quarterly revenue, up 22% and 25% in constant currency; we now have more than 2,500 Azure OpenAI service customers up 10x quarter over quarter; our focus is going to be, and will be, on continuing to take a growing share",Microsoft demonstrates strong cloud and AI momentum with Azure OpenAI scaling rapidly while managing optimization headwinds and positioning for market share gains through copilot monetization across the platform.,16.0,14.0,4.0,26.0,-26.0,Prepared remarks sentiment increased by 16.00; Management responses sentiment increased by 14.00; Forward guidance sentiment increased by 26.00; Analyst pushback level decreased by 26.00,vs 2023 Q2: Prepared remarks sentiment increased by 16.00; Management responses sentiment increased by 14.00; Forward guidance sentiment increased by 26.00.,2026-04-14T01:06:57Z
MSFT,Microsoft Corporation,2023-07-25,2023,4,Technology,78,72,82,42,68,AI / copilot; cloud growth; capex / investment; margins / efficiency; developer platform,"Microsoft Cloud surpassed $110 billion in annual revenue, up 27% in constant currency; nearly 100 new customers added every day this quarter; delivering in FY24 over FY23 effectively a point higher operating margins","Microsoft reported strong cloud growth driven by rapid AI adoption with significant customer momentum in Azure OpenAI and Copilot products, while managing optimization headwinds and accelerating CapEx investments to meet AI demand.",0.0,0.0,6.0,0.0,0.0,no material changes,No material changes detected vs 2023 Q3; scores broadly stable QoQ.,2026-04-14T01:07:03Z
AAPL,Apple Inc.,2021-01-27,2021,1,Technology,78,72,82,42,68,revenue growth; hardware / devices; international expansion; supply chain; margins / efficiency,all-time revenue record of $111.4 billion; largest number of upgraders that we've ever seen in a quarter; we're going to be able to be in supply-demand balance for all the models at some point during the quarter,"Apple reported record quarterly revenue of $111.4 billion with strong growth across all product categories and geographies, driven by iPhone 12 demand and robust performance in China despite supply constraints.",,,,,,first quarter — no prior period,No prior quarter available for comparison.,2026-04-14T01:07:31Z
AAPL,Apple Inc.,2021-04-28,2021,2,Technology,82,75,78,42,58,revenue growth; supply chain; hardware / devices; guidance / outlook; developer platform,busting our year-ago revenue performance by 54%; we wish we had more inventory of iPad and Mac; we're in the early days of 5G,"Apple reported record March quarter results with 54% revenue growth driven by strong iPhone 12 demand and services acceleration, though management flagged $3-4 billion in supply constraints primarily affecting iPad and Mac for the June quarter.",4.0,3.0,-4.0,-10.0,0.0,Forward guidance sentiment decreased by 10.00,vs 2021 Q1: Forward guidance sentiment decreased by 10.00.,2026-04-14T01:07:36Z
AAPL,Apple Inc.,2021-07-27,2021,3,Technology,72,68,75,58,62,revenue growth; supply chain; guidance / outlook; hardware / devices; international expansion,very strong double-digit growth; supply constraints will be higher during the September quarter; we're only in the early innings of 5G,Apple reported record June quarter results with strong double-digit growth across all segments but cautioned that supply constraints would increase in September while maintaining confident outlook for continued strong performance.,-10.0,-7.0,-3.0,4.0,16.0,Prepared remarks sentiment decreased by 10.00; Analyst pushback level increased by 16.00,vs 2021 Q2: Prepared remarks sentiment decreased by 10.00; Analyst pushback level increased by 16.00.,2026-04-14T01:07:41Z
AAPL,Apple Inc.,2021-10-28,2021,4,Technology,78,62,72,68,45,supply chain; revenue growth; guidance / outlook; hardware / devices; international expansion,we estimate these constraints had around a $6 billion revenue dollar impact; we believe that by the time we finish the quarter that the constraints will be larger than the 6 billion; demand is very robust,"Apple reported strong revenue growth of 29% despite $6 billion in supply chain constraints, with management expressing confidence in demand but cautioning that supply headwinds will worsen in the December quarter.",6.0,-6.0,-3.0,-17.0,10.0,Forward guidance sentiment decreased by 17.00; Analyst pushback level increased by 10.00,vs 2021 Q3: Forward guidance sentiment decreased by 17.00; Analyst pushback level increased by 10.00.,2026-04-14T01:07:46Z
AAPL,Apple Inc.,2022-01-27,2022,1,Technology,82,75,78,42,68,revenue growth; supply chain; hardware / devices; margins / efficiency; international expansion,biggest quarter ever; all-time revenue record of nearly $124 billion; constraints will be less than the December quarter,"Apple reported record-breaking quarterly results across all major product categories despite supply chain constraints, with management expressing strong confidence in continued growth driven by M1 chip adoption, services expansion, and robust international performance.",4.0,13.0,6.0,23.0,-26.0,Management responses sentiment increased by 13.00; Forward guidance sentiment increased by 23.00; Analyst pushback level decreased by 26.00,vs 2021 Q4: Management responses sentiment increased by 13.00; Forward guidance sentiment increased by 23.00; Analyst pushback level decreased by 26.00.,2026-04-14T01:07:51Z
AAPL,Apple Inc.,2022-04-28,2022,2,Technology,72,58,62,68,42,supply chain; macro / headwinds; revenue growth; hardware / devices; guidance / outlook,supply constraints to be in the range of 4 to 8 billion; COVID-related disruptions in China; a percentage of it that is recapturable and a percentage of it that is likely not,"Apple reported strong March quarter results with record revenue of $97.3 billion but faces significant supply constraints of $4-8 billion in the June quarter driven by COVID-related disruptions in China and ongoing silicon shortages, while analysts pressed management on demand destruction, inflation impacts, and supply chain resilience.",-10.0,-17.0,-16.0,-26.0,26.0,Prepared remarks sentiment decreased by 10.00; Management responses sentiment decreased by 17.00; Management overall confidence decreased by 16.00; Forward guidance sentiment decreased by 26.00; Analyst pushback level increased by 26.00,vs 2022 Q1: Prepared remarks sentiment decreased by 10.00; Management responses sentiment decreased by 17.00; Management overall confidence decreased by 16.00.,2026-04-14T01:08:12Z
AAPL,Apple Inc.,2022-07-28,2022,3,Technology,72,65,68,62,55,macro / headwinds; supply chain; international expansion; revenue growth; hardware / devices,"better than we expected despite supply constraints, strong foreign exchange headwinds; no obvious evidence of macroeconomic impact during the June quarter; we do believe that we saw macroeconomic headwinds that impacted our business","Apple reported better-than-expected Q3 results with record revenue despite FX headwinds and supply constraints, though management acknowledged selective macro impacts in wearables and digital advertising while expressing confidence in iPhone strength and services growth.",0.0,7.0,6.0,13.0,-6.0,Forward guidance sentiment increased by 13.00,vs 2022 Q2: Forward guidance sentiment increased by 13.00.,2026-04-14T01:08:17Z
AAPL,Apple Inc.,2022-10-27,2022,4,Technology,72,65,68,62,48,revenue growth; macro / headwinds; supply chain; hardware / devices; margins / efficiency,we've been constrained on the 14 pro and the 14 pro max; 330 basis points of negative exchange; difficult to say what the mix will be until we can satisfy the demand,"Apple reported record quarterly revenue despite significant foreign exchange headwinds and supply constraints on iPhone 14 Pro models, while management expressed cautious optimism amid macro uncertainty and currency pressures.",0.0,0.0,0.0,-7.0,0.0,no material changes,No material changes detected vs 2022 Q3; scores broadly stable QoQ.,2026-04-14T01:08:33Z
AAPL,Apple Inc.,2023-02-02,2023,1,Technology,62,68,72,58,65,supply chain; macro / headwinds; international expansion; hardware / devices; margins / efficiency,Production is now back where we want it to be; we now have more than 2 billion active devices; we believe iPhone would have grown during the quarter had it not been for the supply shortages,"Apple navigated Q1 FY2023 revenue decline driven by FX headwinds, COVID-related iPhone Pro supply constraints, and macro challenges, while achieving record 2 billion device install base and expressing confidence in normalized production and margin expansion.",-10.0,3.0,4.0,17.0,-4.0,Prepared remarks sentiment decreased by 10.00; Forward guidance sentiment increased by 17.00,vs 2022 Q4: Prepared remarks sentiment decreased by 10.00; Forward guidance sentiment increased by 17.00.,2026-04-14T01:08:39Z
AAPL,Apple Inc.,2023-05-04,2023,2,Technology,68,72,65,58,55,international expansion; macro / headwinds; supply chain; revenue growth; AI / copilot,India is at a tipping point and it's great to be there; incredibly resilient supply chain despite parade of horribles; potential is certainly very interesting,"Apple reported better-than-expected March quarter results with strong emerging market performance despite foreign exchange headwinds and macroeconomic challenges, while emphasizing India expansion and cautiously addressing AI opportunities.",6.0,4.0,-7.0,-10.0,0.0,Forward guidance sentiment decreased by 10.00,vs 2023 Q1: Forward guidance sentiment decreased by 10.00.,2026-04-14T01:08:57Z
AAPL,Apple Inc.,2023-08-03,2023,3,Technology,72,68,71,58,65,international expansion; services growth; margins / efficiency; macro / headwinds; hardware / devices,all-time revenue record in services; uneven macroeconomic environment; we continue to manage deliberately and innovate relentlessly,"Apple reported better-than-expected Q3 results with record services revenue and strong emerging market performance despite macro headwinds and FX challenges, guiding to continued iPhone and services acceleration with historically high gross margins.",4.0,-4.0,6.0,10.0,0.0,Forward guidance sentiment increased by 10.00,vs 2023 Q2: Forward guidance sentiment increased by 10.00.,2026-04-14T01:09:02Z
AAPL,Apple Inc.,2023-11-03,2023,4,Technology,72,68,75,42,65,revenue growth; international expansion; supply chain; margins / efficiency; hardware / devices,all-time revenue record in India; expect to be in supply-demand balance by the end of the quarter; very strong levels of gross margin,"Apple reported strong September quarter results with iPhone and Services records despite macro headwinds, guiding to improved margins and supply balance by quarter-end while highlighting international growth and new product launches.",0.0,0.0,4.0,0.0,-16.0,Analyst pushback level decreased by 16.00,vs 2023 Q3: Analyst pushback level decreased by 16.00.,2026-04-14T01:09:21Z
AAPL,Apple Inc.,2024-02-01,2024,1,Technology,78,68,72,58,55,AI / copilot; hardware / devices; international expansion; services growth; guidance / outlook,"we continue to spend a tremendous amount of time and effort on artificial intelligence; we have set a new record for our install base, which has now surpassed 2.2 billion active devices; we will continue to grow double digits at a percentage that is similar to what we reported for the December quarter","Apple reported record results with strong services growth and international expansion while emphasizing upcoming Vision Pro launch and AI investments, though facing headwinds in China and cautious guidance for March quarter.",6.0,0.0,-3.0,-10.0,16.0,Forward guidance sentiment decreased by 10.00; Analyst pushback level increased by 16.00,vs 2023 Q4: Forward guidance sentiment decreased by 10.00; Analyst pushback level increased by 16.00.,2026-04-14T01:09:26Z
AAPL,Apple Inc.,2024-05-02,2024,2,Technology,72,65,68,72,58,AI / copilot; international expansion; guidance / outlook; margins / efficiency; macro / headwinds,we continue to feel very bullish about our opportunity in generative AI; it's really too early to answer the question; the most competitive market in the world,"Apple delivered mixed results with services strength offset by product headwinds, while management expressed optimism about upcoming AI initiatives despite facing persistent analyst scrutiny on China weakness, competitive pressures, and monetization strategies.",-6.0,-3.0,-4.0,3.0,14.0,Analyst pushback level increased by 14.00,vs 2024 Q1: Analyst pushback level increased by 14.00.,2026-04-14T01:09:46Z
AAPL,Apple Inc.,2024-08-01,2024,3,Technology,72,65,68,58,62,AI / copilot; international expansion; hardware / devices; margins / efficiency; developer platform,"game-changing updates across our platforms, including Apple Intelligence; we are very excited about Apple Intelligence and what it brings; we continue to be confident in the long-term opportunity in China","Apple reported better-than-expected Q3 results with record services revenue and emphasized Apple Intelligence as a compelling upgrade catalyst, while addressing China headwinds and margin pressures with measured optimism.",0.0,0.0,0.0,4.0,-14.0,Analyst pushback level decreased by 14.00,vs 2024 Q2: Analyst pushback level decreased by 14.00.,2026-04-14T01:09:51Z
AAPL,Apple Inc.,2024-10-31,2024,4,Technology,78,72,75,45,62,AI / copilot; guidance / outlook; international expansion; hardware / devices; margins / efficiency,Apple Intelligence marks the beginning of a new chapter for Apple innovation; 18.1 adoption is twice as fast as the 17.1 adoption; strongest lineup we've ever had going into the holiday season,"Apple reported strong Q4 results with record revenue driven by iPhone growth and services expansion, emphasizing the transformative potential of Apple Intelligence while providing cautious low-to-mid single digit growth guidance for the December quarter.",6.0,7.0,7.0,0.0,-13.0,Analyst pushback level decreased by 13.00,vs 2024 Q3: Analyst pushback level decreased by 13.00.,2026-04-14T01:10:09Z
AAPL,Apple Inc.,2025-01-30,2025,1,Technology,78,72,75,62,65,AI / copilot; international expansion; margins / efficiency; macro / headwinds,"all-time revenue records across the majority of the countries and regions we track; markets where we had rolled out Apple Intelligence, that the year-over-year performance on the iPhone 16 family was stronger; over half of the decline that we experienced was driven by a change in channel inventory","Apple reported record quarterly revenue driven by Apple Intelligence momentum in launched markets, though facing China headwinds partially attributed to channel inventory adjustments and lack of AI feature availability in the region.",0.0,0.0,0.0,3.0,17.0,Analyst pushback level increased by 17.00,vs 2024 Q4: Analyst pushback level increased by 17.00.,2026-04-14T01:10:15Z
AAPL,Apple Inc.,2025-05-01,2025,2,Technology,72,48,42,78,52,supply chain; tariffs / trade; capex / investment; international expansion; margins / efficiency,"very difficult to predict beyond June; given the uncertainty we see from several factors, we aren't providing the category level of color today; I wouldn't want to predict the future because I'm not sure what will happen with the tariffs","Apple reported solid Q2 results with record services revenue and announced $500 billion U.S. investment, but management repeatedly declined to provide detailed guidance beyond June quarter due to tariff uncertainty and ongoing Section 232 investigation, while analysts aggressively probed supply chain shifts, tariff impacts, and demand trends.",-6.0,-24.0,-33.0,-13.0,16.0,Management responses sentiment decreased by 24.00; Management overall confidence decreased by 33.00; Forward guidance sentiment decreased by 13.00; Analyst pushback level increased by 16.00,vs 2025 Q1: Management responses sentiment decreased by 24.00; Management overall confidence decreased by 33.00; Forward guidance sentiment decreased by 13.00.,2026-04-14T01:10:33Z
AAPL,Apple Inc.,2025-07-31,2025,3,Technology,78,62,71,68,58,AI / copilot; capex / investment; supply chain; guidance / outlook; international expansion,we are significantly growing our investments; we would estimate the pull forward of demand into April specifically to be about one point; I don't really want to speculate on the court ruling,"Apple reported strong Q3 results with record revenue driven by iPhone and services growth, emphasized significant AI investment increases and supply chain diversification, while facing analyst scrutiny on tariff impacts, demand pull-forward dynamics, and potential regulatory headwinds from Google payments and Epic decisions.",6.0,14.0,29.0,6.0,-10.0,Management responses sentiment increased by 14.00; Management overall confidence increased by 29.00; Analyst pushback level decreased by 10.00,vs 2025 Q2: Management responses sentiment increased by 14.00; Management overall confidence increased by 29.00; Analyst pushback level decreased by 10.00.,2026-04-14T01:10:39Z
AAPL,Apple Inc.,2025-10-30,2025,4,Technology,85,72,78,62,80,AI / copilot; supply chain; revenue growth; international expansion; margins / efficiency,strongest iPhone lineup ever; we're constrained today on several models of the iPhone 17; we expect to return to growth this quarter,"Apple reported record Q4 results with strong iPhone 17 demand creating supply constraints, robust services growth accelerating to 15%, and confident guidance for best-ever December quarter despite China weakness and tariff headwinds.",7.0,10.0,7.0,22.0,-6.0,Management responses sentiment increased by 10.00; Forward guidance sentiment increased by 22.00,vs 2025 Q3: Management responses sentiment increased by 10.00; Forward guidance sentiment increased by 22.00.,2026-04-14T01:10:57Z
AAPL,Apple Inc.,2026-01-29,2026,1,Technology,92,68,72,74,65,AI / copilot; supply chain; revenue growth; margins / efficiency; international expansion,demand for iPhone was simply staggering; currently constrained and difficult to predict when supply and demand will balance; market pricing for memory increasing significantly,"Apple reported record Q1 results with exceptional iPhone demand driving 16% revenue growth, but management faces analyst scrutiny over supply constraints, memory pricing pressures, and AI monetization strategy amid a Google partnership announcement.",7.0,-4.0,-6.0,-15.0,12.0,Forward guidance sentiment decreased by 15.00; Analyst pushback level increased by 12.00,vs 2025 Q4: Forward guidance sentiment decreased by 15.00; Analyst pushback level increased by 12.00.,2026-04-14T01:11:02Z
MSFT,Microsoft Corporation,2023-10-24,2024,1,Technology,82,75,78,42,68,AI / copilot; cloud growth; margins / efficiency; developer platform; capex / investment,"We are off to a strong start to the fiscal year; making the age of AI real for people and businesses everywhere; we are in the very, very early innings","Microsoft reported strong Q1 results driven by cloud and AI momentum, with management expressing high confidence in Copilot adoption and Azure growth despite acknowledging ongoing optimization cycles and the need for disciplined capital investment.",,,,,,first quarter — no prior period,No prior quarter available for comparison.,2026-04-14T01:18:00Z
MSFT,Microsoft Corporation,2024-01-30,2024,2,Technology,82,75,78,35,72,AI / copilot; cloud growth; capex / investment; margins / efficiency; developer platform,We have moved from talking about AI to applying AI at scale; record quarter driven by the continued strength of Microsoft Cloud; margin improvement is pretty shocking to most considering the investments,"Microsoft delivered a record quarter with strong cloud and AI momentum, demonstrating significant margin expansion despite heavy AI infrastructure investments while analysts probed gently on Azure AI composition and capacity constraints.",0.0,0.0,0.0,4.0,-7.0,no material changes,No material changes detected vs 2024 Q1; scores broadly stable QoQ.,2026-04-14T01:18:06Z
MSFT,Microsoft Corporation,2024-04-25,2024,3,Technology,82,78,85,62,75,AI / copilot; cloud growth; capex / investment; developer platform; digital transformation,"record third quarter powered by the continued strength of Microsoft Cloud; faster diffusion, faster rate of adoption than anything we have seen in the past; we feel very, very good about the, you know, we're fundamentally a share taker","Microsoft reported strong cloud and AI momentum with accelerating Azure growth and expanding Copilot adoption, while management confidently defended significant infrastructure investments despite analyst scrutiny on capacity constraints and ROI timelines.",0.0,3.0,7.0,3.0,27.0,Analyst pushback level increased by 27.00,vs 2024 Q2: Analyst pushback level increased by 27.00.,2026-04-14T01:18:11Z
MSFT,Microsoft Corporation,2024-07-30,2024,4,Technology,78,75,82,68,72,AI / copilot; capex / investment; cloud growth; margins / efficiency; revenue growth,"demand signal and time to value to manage our cost structure dynamically and generate durable long-term operating leverage; industry debate raging around the CapEx requirements around generative AI and whether the monetization is actually going to match; We have a consistent platform for AI. So because we're building to one Azure AI stack, we don't have to have multiple infrastructure investments","Microsoft reported strong AI-driven growth with accelerating Azure revenue and expanding Copilot adoption, while management addressed investor concerns about elevated CapEx spending by emphasizing demand-driven investment and flexible long-term infrastructure assets.",-4.0,-3.0,-3.0,-3.0,6.0,no material changes,No material changes detected vs 2024 Q3; scores broadly stable QoQ.,2026-04-14T01:18:18Z
MSFT,Microsoft Corporation,2024-10-30,2025,1,Technology,78,72,75,58,68,AI / copilot; cloud growth; capex / investment; supply chain; developer platform,"AI business is on track to surpass an annual revenue run rate of $10 billion next quarter, which will make it the fastest business in our history to reach this milestone; some of the demand issues we have, our ability to fulfill demand is because of, in fact, external third-party stuff that we leased moving up; we'll be better able to do some supply-demand matching, and hence why we're talking about acceleration in the back half",Microsoft reported strong AI momentum with cloud revenue exceeding $38.9 billion but acknowledged near-term supply constraints limiting Azure growth while expressing confidence in second-half acceleration as capacity comes online.,0.0,-3.0,-7.0,-4.0,-10.0,Analyst pushback level decreased by 10.00,vs 2024 Q4: Analyst pushback level decreased by 10.00.,2026-04-14T01:18:26Z
MSFT,Microsoft Corporation,2025-01-29,2025,2,Technology,78,65,72,58,62,AI / copilot; cloud growth; capex / investment; supply chain; execution challenges,"AI business has now surpassed an annual revenue run rate of $13 billion, up 175% year-over-year; near-term execution issues were in the non-AI ACR component; you would rather win the new than just protect the past",Microsoft reported strong AI momentum with $13B run rate but acknowledged execution challenges in non-AI Azure scale motions while maintaining confidence in capacity expansion and H2 acceleration.,0.0,-7.0,-3.0,-6.0,0.0,no material changes,No material changes detected vs 2025 Q1; scores broadly stable QoQ.,2026-04-14T01:18:31Z
MSFT,Microsoft Corporation,2025-04-30,2025,3,Technology,82,75,78,35,72,AI / copilot; cloud growth; capex / investment; supply chain; margins / efficiency,"record quarter driven by continued strength of Microsoft Cloud, which surpassed $42 billion in revenue; we will be short power; the real outperformance in Azure this quarter was in our non-AI business","Microsoft reported a record quarter with strong cloud and AI growth, though management acknowledged data center capacity constraints and emphasized efficiency gains across the AI stack while expressing confidence in sustained demand despite macro uncertainty.",4.0,10.0,6.0,10.0,-23.0,Management responses sentiment increased by 10.00; Forward guidance sentiment increased by 10.00; Analyst pushback level decreased by 23.00,vs 2025 Q2: Management responses sentiment increased by 10.00; Forward guidance sentiment increased by 10.00; Analyst pushback level decreased by 23.00.,2026-04-14T01:18:36Z
MSFT,Microsoft Corporation,2025-07-30,2025,4,Technology,88,82,87,18,78,AI / copilot; cloud growth; capex / investment; developer platform; margins / efficiency,record fiscal year; fastest growing database product in our history; accelerate Azure while slowing down CapEx,"Microsoft reported a record fiscal year with strong Azure and AI momentum, demonstrating confidence in sustained cloud migration and AI platform diffusion while managing capital efficiency.",6.0,7.0,9.0,6.0,-17.0,Analyst pushback level decreased by 17.00,vs 2025 Q3: Analyst pushback level decreased by 17.00.,2026-04-14T01:18:41Z
MSFT,Microsoft Corporation,2025-10-29,2026,1,Technology,85,78,82,68,75,AI / copilot; cloud growth; capex / investment; revenue growth; consumption model,very strong start to our fiscal year; demand is increasing. It is not increasing in just one place. It is increasing across many places; is there risk of workloads going elsewhere,"Microsoft reported strong AI-driven growth with record bookings and RPO, but faced pointed analyst questions about capacity constraints, customer concentration risk, OpenAI competitive dynamics, and whether massive infrastructure investments can be monetized.",-3.0,-4.0,-5.0,-3.0,50.0,Analyst pushback level increased by 50.00,vs 2025 Q4: Analyst pushback level increased by 50.00.,2026-04-14T01:18:46Z
MSFT,Microsoft Corporation,2026-01-28,2026,2,Technology,78,72,75,72,68,AI / copilot; capex / investment; cloud growth; margins / efficiency,Microsoft Cloud surpassed $50 billion in revenue for the first time; we have built an AI business that is larger than some of our biggest franchises that took decades to build; the majority of the capital that we're spending today and a lot of the GPUs that we're buying are already contracted for most of their useful life,"Microsoft reported strong cloud and AI growth with $50B+ cloud revenue but faced investor scrutiny over accelerating CapEx relative to Azure growth, with management defending capacity allocation across multiple high-value AI products beyond just Azure.",-7.0,-6.0,-7.0,-7.0,4.0,no material changes,No material changes detected vs 2026 Q1; scores broadly stable QoQ.,2026-04-14T01:18:53Z
